ancestor_concept_id,descendant_concept_id,min_levels_of_separation,max_levels_of_separation
8478,8478,0,0
8479,8479,0,0
8480,8480,0,0
8482,8482,0,0
8483,8483,0,0
8484,8484,0,0
8487,8487,0,0
8488,8488,0,0
8494,8494,0,0
8495,8495,0,0
8496,8496,0,0
8504,8504,0,0
8505,8505,0,0
8506,8506,0,0
8507,8507,0,0
8509,8509,0,0
8510,8510,0,0
8511,8511,0,0
8512,8512,0,0
8515,38003590,1,1
8515,38003589,1,1
8515,38003576,1,1
8515,38003594,1,1
8515,8515,0,0
8515,38003581,1,1
8515,38003585,1,1
8515,38003595,1,1
8515,38003593,1,1
8515,38003578,1,1
8515,38003586,1,1
8515,38003577,1,1
8515,38003583,1,1
8515,38003597,1,1
8515,38003579,1,1
8515,38003588,1,1
8515,38003582,1,1
8515,38003580,1,1
8515,38003587,1,1
8515,38003596,1,1
8515,38003574,1,1
8515,38003591,1,1
8515,38003575,1,1
8515,38003592,1,1
8515,38003584,1,1
8516,38003603,1,1
8516,38003605,1,1
8516,38003599,1,1
8516,38003602,1,1
8516,38003607,1,1
8516,38003601,1,1
8516,38003598,1,1
8516,38003608,1,1
8516,38003609,1,1
8516,38003600,1,1
8516,8516,0,0
8516,38003604,1,1
8516,38003606,1,1
8517,8517,0,0
8518,8518,0,0
8519,8519,0,0
8523,8523,0,0
8524,8524,0,0
8525,8525,0,0
8527,8527,0,0
8527,38003616,1,1
8527,38003614,1,1
8527,38003615,1,1
8529,8529,0,0
8532,8532,0,0
8541,8541,0,0
8542,8542,0,0
8543,8543,0,0
8547,8547,0,0
8549,8549,0,0
8550,8550,0,0
8553,8553,0,0
8554,8554,0,0
8555,8555,0,0
8556,8556,0,0
8557,38003610,1,1
8557,38003613,1,1
8557,8557,0,0
8557,38003612,1,1
8557,38003611,1,1
8560,8560,0,0
8564,8564,0,0
8565,8565,0,0
8566,8566,0,0
8568,8568,0,0
8574,8574,0,0
8576,8576,0,0
8577,8577,0,0
8578,8578,0,0
8581,8581,0,0
8582,8582,0,0
8583,8583,0,0
8586,8586,0,0
8587,8587,0,0
8588,8588,0,0
8589,8589,0,0
8590,8590,0,0
8596,8596,0,0
8598,8598,0,0
8600,8600,0,0
8604,8604,0,0
8605,8605,0,0
8606,8606,0,0
8609,8609,0,0
8610,8610,0,0
8611,8611,0,0
8613,8613,0,0
8616,8616,0,0
8617,8617,0,0
8621,8621,0,0
8622,8622,0,0
8623,8623,0,0
8628,8628,0,0
8629,8629,0,0
8630,8630,0,0
8631,8631,0,0
8632,8632,0,0
8636,8636,0,0
8637,8637,0,0
8641,8641,0,0
8645,8645,0,0
8647,8647,0,0
8648,8648,0,0
8649,8649,0,0
8655,8655,0,0
8657,38003573,1,1
8657,8657,0,0
8657,38003572,1,1
8659,8659,0,0
8660,8660,0,0
8662,8662,0,0
8665,8665,0,0
8675,8675,0,0
8686,8686,0,0
8687,8687,0,0
8688,8688,0,0
8695,8695,0,0
8698,8698,0,0
8701,8701,0,0
8703,8703,0,0
8704,8704,0,0
8712,8712,0,0
8713,8713,0,0
8718,8718,0,0
8719,8719,0,0
8720,8720,0,0
8722,8722,0,0
8723,8723,0,0
8724,8724,0,0
8725,8725,0,0
8728,8728,0,0
8729,8729,0,0
8734,8734,0,0
8736,8736,0,0
8737,8737,0,0
8738,8738,0,0
8739,8739,0,0
8745,8745,0,0
8748,8748,0,0
8749,8749,0,0
8750,8750,0,0
8751,8751,0,0
8752,8752,0,0
8753,8753,0,0
8763,8763,0,0
8765,8765,0,0
8774,8774,0,0
8775,8775,0,0
8776,8776,0,0
8779,8779,0,0
8783,8783,0,0
8784,8784,0,0
8785,8785,0,0
8786,8786,0,0
8791,8791,0,0
8795,8795,0,0
8798,8798,0,0
8799,8799,0,0
8800,8800,0,0
8807,8807,0,0
8810,8810,0,0
8815,8815,0,0
8816,8816,0,0
8817,8817,0,0
8818,8818,0,0
8820,8820,0,0
8823,8823,0,0
8829,8829,0,0
8831,8831,0,0
8836,8836,0,0
8837,8837,0,0
8838,8838,0,0
8839,8839,0,0
8840,8840,0,0
8842,8842,0,0
8843,8843,0,0
8845,8845,0,0
8848,8848,0,0
8849,8849,0,0
8857,8857,0,0
8859,8859,0,0
8860,8860,0,0
8861,8861,0,0
8862,8862,0,0
8873,8873,0,0
8875,8875,0,0
8876,8876,0,0
8881,8881,0,0
8888,8888,0,0
8889,8889,0,0
8906,8906,0,0
8907,8907,0,0
8908,8908,0,0
8909,8909,0,0
8910,8910,0,0
8915,8915,0,0
8923,8923,0,0
8924,8924,0,0
8927,8927,0,0
8928,8928,0,0
8929,8929,0,0
8930,8930,0,0
8931,8931,0,0
8938,8938,0,0
8950,8950,0,0
8953,8953,0,0
8954,8954,0,0
8955,8955,0,0
8961,8961,0,0
8979,8979,0,0
8980,8980,0,0
8985,8985,0,0
8989,8989,0,0
8991,8991,0,0
8992,8992,0,0
8993,8993,0,0
8998,8998,0,0
9014,9014,0,0
9015,9015,0,0
9016,9016,0,0
9017,9017,0,0
9018,9018,0,0
9019,9019,0,0
9020,9020,0,0
9028,9028,0,0
9031,9031,0,0
9032,9032,0,0
9040,9040,0,0
9046,9046,0,0
9058,9058,0,0
9061,9061,0,0
9063,9063,0,0
9072,9072,0,0
9073,9073,0,0
9074,9074,0,0
9075,9075,0,0
9081,9081,0,0
9083,9083,0,0
9084,9084,0,0
9093,9093,0,0
9098,9098,0,0
9099,9099,0,0
9100,9100,0,0
9101,9101,0,0
9113,9113,0,0
9114,9114,0,0
9145,9145,0,0
9148,9148,0,0
9154,9154,0,0
9155,9155,0,0
9156,9156,0,0
9157,9157,0,0
9158,9158,0,0
9161,9161,0,0
9163,9163,0,0
9211,9211,0,0
9212,9212,0,0
9214,9214,0,0
9215,9215,0,0
9216,9216,0,0
9217,9217,0,0
9218,9218,0,0
9219,9219,0,0
9220,9220,0,0
9221,9221,0,0
9222,9222,0,0
9223,9223,0,0
9224,9224,0,0
9225,9225,0,0
9226,9226,0,0
9227,9227,0,0
9228,9228,0,0
9229,9229,0,0
9230,9230,0,0
9231,9231,0,0
9232,9232,0,0
9233,9233,0,0
9234,9234,0,0
9235,9235,0,0
9236,9236,0,0
9237,9237,0,0
9238,9238,0,0
9239,9239,0,0
9240,9240,0,0
9241,9241,0,0
9242,9242,0,0
9243,9243,0,0
9244,9244,0,0
9245,9245,0,0
9246,9246,0,0
9247,9247,0,0
9248,9248,0,0
9249,9249,0,0
9250,9250,0,0
9251,9251,0,0
9252,9252,0,0
9253,9253,0,0
9254,9254,0,0
9255,9255,0,0
9256,9256,0,0
9257,9257,0,0
9260,9260,0,0
9261,9261,0,0
9262,9262,0,0
9263,9263,0,0
9264,9264,0,0
9265,9265,0,0
9266,9266,0,0
9267,9267,0,0
9268,9268,0,0
9269,9269,0,0
9270,9270,0,0
9271,9271,0,0
9272,9272,0,0
9273,9273,0,0
9274,9274,0,0
9275,9275,0,0
9276,9276,0,0
9277,9277,0,0
9278,9278,0,0
9279,9279,0,0
9280,9280,0,0
9281,9281,0,0
9282,9282,0,0
9283,9283,0,0
9284,9284,0,0
9285,9285,0,0
9286,9286,0,0
9287,9287,0,0
9288,9288,0,0
9289,9289,0,0
9290,9290,0,0
9291,9291,0,0
9292,9292,0,0
9293,9293,0,0
9294,9294,0,0
9295,9295,0,0
9296,9296,0,0
9297,9297,0,0
9298,9298,0,0
9299,9299,0,0
9300,9300,0,0
9301,9301,0,0
9302,9302,0,0
9303,9303,0,0
9304,9304,0,0
9305,9305,0,0
9306,9306,0,0
9307,9307,0,0
9308,9308,0,0
9309,9309,0,0
9310,9310,0,0
9311,9311,0,0
9312,9312,0,0
9313,9313,0,0
9314,9314,0,0
9316,9316,0,0
9317,9317,0,0
9318,9318,0,0
9319,9319,0,0
9320,9320,0,0
9321,9321,0,0
9322,9322,0,0
9323,9323,0,0
9324,9324,0,0
9325,9325,0,0
9326,9326,0,0
9327,9327,0,0
9328,9328,0,0
9329,9329,0,0
9330,9330,0,0
9332,9332,0,0
9333,9333,0,0
9334,9334,0,0
9335,9335,0,0
9338,9338,0,0
9339,9339,0,0
9340,9340,0,0
9341,9341,0,0
9342,9342,0,0
9343,9343,0,0
9345,9345,0,0
9346,9346,0,0
9347,9347,0,0
9348,9348,0,0
9349,9349,0,0
9350,9350,0,0
9351,9351,0,0
9352,9352,0,0
9354,9354,0,0
9355,9355,0,0
9356,9356,0,0
9357,9357,0,0
9358,9358,0,0
9359,9359,0,0
9360,9360,0,0
9361,9361,0,0
9362,9362,0,0
9363,9363,0,0
9364,9364,0,0
9365,9365,0,0
9366,9366,0,0
9367,9367,0,0
9369,9369,0,0
9370,9370,0,0
9371,9371,0,0
9372,9372,0,0
9373,9373,0,0
9374,9374,0,0
9375,9375,0,0
9376,9376,0,0
9377,9377,0,0
9378,9378,0,0
9379,9379,0,0
9380,9380,0,0
9381,9381,0,0
9382,9382,0,0
9383,9383,0,0
9384,9384,0,0
9385,9385,0,0
9386,9386,0,0
9387,9387,0,0
9388,9388,0,0
9389,9389,0,0
9390,9390,0,0
9391,9391,0,0
9392,9392,0,0
9393,9393,0,0
9394,9394,0,0
9395,9395,0,0
9396,9396,0,0
9397,9397,0,0
9398,9398,0,0
9399,9399,0,0
9400,9400,0,0
9401,9401,0,0
9402,9402,0,0
9403,9403,0,0
9404,9404,0,0
9405,9405,0,0
9406,9406,0,0
9407,9407,0,0
9408,9408,0,0
9409,9409,0,0
9410,9410,0,0
9411,9411,0,0
9412,9412,0,0
9413,9413,0,0
9414,9414,0,0
9415,9415,0,0
9416,9416,0,0
9417,9417,0,0
9418,9418,0,0
9419,9419,0,0
9420,9420,0,0
9421,9421,0,0
9422,9422,0,0
9423,9423,0,0
9424,9424,0,0
9425,9425,0,0
9426,9426,0,0
9428,9428,0,0
9430,9430,0,0
9431,9431,0,0
9433,9433,0,0
9434,9434,0,0
9435,9435,0,0
9436,9436,0,0
9437,9437,0,0
9438,9438,0,0
9440,9440,0,0
9441,9441,0,0
9442,9442,0,0
9443,9443,0,0
9444,9444,0,0
9445,9445,0,0
9446,9446,0,0
9447,9447,0,0
9448,9448,0,0
9449,9449,0,0
9450,9450,0,0
9451,9451,0,0
9452,9452,0,0
9453,9453,0,0
9454,9454,0,0
9455,9455,0,0
9456,9456,0,0
9457,9457,0,0
9458,9458,0,0
9459,9459,0,0
9460,9460,0,0
9461,9461,0,0
9462,9462,0,0
9463,9463,0,0
9464,9464,0,0
9465,9465,0,0
9466,9466,0,0
9467,9467,0,0
9469,9469,0,0
9470,9470,0,0
9471,9471,0,0
9472,9472,0,0
9473,9473,0,0
9474,9474,0,0
9475,9475,0,0
9476,9476,0,0
9477,9477,0,0
9478,9478,0,0
9479,9479,0,0
9480,9480,0,0
9481,9481,0,0
9482,9482,0,0
9483,9483,0,0
9484,9484,0,0
9485,9485,0,0
9486,9486,0,0
9487,9487,0,0
9488,9488,0,0
9489,9489,0,0
9490,9490,0,0
9491,9491,0,0
9492,9492,0,0
9493,9493,0,0
9494,9494,0,0
9495,9495,0,0
9496,9496,0,0
9497,9497,0,0
9498,9498,0,0
9499,9499,0,0
9500,9500,0,0
9501,9501,0,0
9502,9502,0,0
9503,9503,0,0
9504,9504,0,0
9505,9505,0,0
9507,9507,0,0
9508,9508,0,0
9509,9509,0,0
9510,9510,0,0
9511,9511,0,0
9512,9512,0,0
9513,9513,0,0
9514,9514,0,0
9515,9515,0,0
9516,9516,0,0
9517,9517,0,0
9518,9518,0,0
9519,9519,0,0
9520,9520,0,0
9521,9521,0,0
9522,9522,0,0
9523,9523,0,0
9524,9524,0,0
9525,9525,0,0
9526,9526,0,0
9527,9527,0,0
9528,9528,0,0
9529,9529,0,0
9530,9530,0,0
9531,9531,0,0
9532,9532,0,0
9533,9533,0,0
9534,9534,0,0
9535,9535,0,0
9536,9536,0,0
9537,9537,0,0
9538,9538,0,0
9539,9539,0,0
9541,9541,0,0
9542,9542,0,0
9543,9543,0,0
9544,9544,0,0
9545,9545,0,0
9546,9546,0,0
9547,9547,0,0
9548,9548,0,0
9550,9550,0,0
9551,9551,0,0
9552,9552,0,0
9553,9553,0,0
9554,9554,0,0
9555,9555,0,0
9556,9556,0,0
9557,9557,0,0
9558,9558,0,0
9559,9559,0,0
9560,9560,0,0
9561,9561,0,0
9562,9562,0,0
9563,9563,0,0
9564,9564,0,0
9565,9565,0,0
9566,9566,0,0
9567,9567,0,0
9568,9568,0,0
9569,9569,0,0
9570,9570,0,0
9571,9571,0,0
9572,9572,0,0
9573,9573,0,0
9574,9574,0,0
9575,9575,0,0
9576,9576,0,0
9577,9577,0,0
9578,9578,0,0
9579,9579,0,0
9580,9580,0,0
9581,9581,0,0
9582,9582,0,0
9583,9583,0,0
9584,9584,0,0
9585,9585,0,0
9586,9586,0,0
9587,9587,0,0
9588,9588,0,0
9591,9591,0,0
9592,9592,0,0
9593,9593,0,0
9594,9594,0,0
9595,9595,0,0
9596,9596,0,0
9597,9597,0,0
9598,9598,0,0
9599,9599,0,0
9600,9600,0,0
9601,9601,0,0
9602,9602,0,0
9603,9603,0,0
9604,9604,0,0
9606,9606,0,0
9607,9607,0,0
9608,9608,0,0
9609,9609,0,0
9610,9610,0,0
9611,9611,0,0
9612,9612,0,0
9614,9614,0,0
9615,9615,0,0
9616,9616,0,0
9617,9617,0,0
9618,9618,0,0
9619,9619,0,0
9620,9620,0,0
9621,9621,0,0
9622,9622,0,0
9623,9623,0,0
9624,9624,0,0
9625,9625,0,0
9626,9626,0,0
9627,9627,0,0
9628,9628,0,0
9629,9629,0,0
9630,9630,0,0
9631,9631,0,0
9632,9632,0,0
9633,9633,0,0
9634,9634,0,0
9635,9635,0,0
9636,9636,0,0
9637,9637,0,0
9638,9638,0,0
9639,9639,0,0
9640,9640,0,0
9641,9641,0,0
9642,9642,0,0
9643,9643,0,0
9644,9644,0,0
9645,9645,0,0
9646,9646,0,0
9647,9647,0,0
9648,9648,0,0
9651,9651,0,0
9652,9652,0,0
9653,9653,0,0
9654,9654,0,0
9655,9655,0,0
9656,9656,0,0
9657,9657,0,0
9658,9658,0,0
9659,9659,0,0
9660,9660,0,0
9661,9661,0,0
9662,9662,0,0
9663,9663,0,0
9664,9664,0,0
9665,9665,0,0
9666,9666,0,0
9667,9667,0,0
9668,9668,0,0
9669,9669,0,0
9670,9670,0,0
9671,9671,0,0
9672,9672,0,0
9673,9673,0,0
9674,9674,0,0
9675,9675,0,0
9676,9676,0,0
9677,9677,0,0
9678,9678,0,0
9679,9679,0,0
9681,9681,0,0
9682,9682,0,0
9683,9683,0,0
9687,9687,0,0
9688,9688,0,0
9689,9689,0,0
9690,9690,0,0
9691,9691,0,0
9692,9692,0,0
9693,9693,0,0
32018,32018,0,0
32407,32407,0,0
32408,32408,0,0
32608,32608,0,0
32660,32660,0,0
32661,32661,0,0
32662,32662,0,0
32666,32666,0,0
32667,32667,0,0
32695,32695,0,0
32696,32696,0,0
32697,32697,0,0
32698,32698,0,0
32699,32699,0,0
32700,32700,0,0
32701,32701,0,0
32702,32702,0,0
32703,32703,0,0
32704,32704,0,0
32705,32705,0,0
32706,32706,0,0
32707,32707,0,0
32708,32708,0,0
32709,32709,0,0
32710,32710,0,0
32738,32738,0,0
32739,32739,0,0
32912,32912,0,0
32959,32959,0,0
32960,32960,0,0
32961,32961,0,0
32962,32962,0,0
32963,32963,0,0
32964,32964,0,0
32965,32965,0,0
32995,32995,0,0
32996,32996,0,0
33013,33013,0,0
33014,33014,0,0
33049,33049,0,0
33050,33050,0,0
586323,586323,0,0
705179,705179,0,0
710189,710189,0,0
710190,710190,0,0
710191,710191,0,0
710192,710192,0,0
710193,710193,0,0
710194,710194,0,0
710195,710195,0,0
710196,710196,0,0
710197,710197,0,0
710198,710198,0,0
710199,710199,0,0
710200,710200,0,0
710201,710201,0,0
710202,710202,0,0
710203,710203,0,0
710204,710204,0,0
710205,710205,0,0
710206,710206,0,0
710207,710207,0,0
710208,710208,0,0
710209,710209,0,0
710210,710210,0,0
710211,710211,0,0
710212,710212,0,0
710213,710213,0,0
710214,710214,0,0
710215,710215,0,0
710216,710216,0,0
710217,710217,0,0
710218,710218,0,0
710219,710219,0,0
710220,710220,0,0
710221,710221,0,0
710222,710222,0,0
710223,710223,0,0
710224,710224,0,0
710225,710225,0,0
710226,710226,0,0
710227,710227,0,0
710228,710228,0,0
710229,710229,0,0
710230,710230,0,0
710231,710231,0,0
710232,710232,0,0
710233,710233,0,0
710234,710234,0,0
710235,710235,0,0
710236,710236,0,0
710237,710237,0,0
710238,710238,0,0
710239,710239,0,0
710240,710240,0,0
710241,710241,0,0
710242,710242,0,0
710243,710243,0,0
710244,710244,0,0
710245,710245,0,0
710246,710246,0,0
710247,710247,0,0
710248,710248,0,0
710249,710249,0,0
710250,710250,0,0
710251,710251,0,0
710252,710252,0,0
710253,710253,0,0
710254,710254,0,0
710255,710255,0,0
710256,710256,0,0
710257,710257,0,0
710258,710258,0,0
710259,710259,0,0
710260,710260,0,0
710261,710261,0,0
720839,720839,0,0
720840,720840,0,0
720841,720841,0,0
720842,720842,0,0
720843,720843,0,0
720844,720844,0,0
720845,720845,0,0
720846,720846,0,0
720847,720847,0,0
720848,720848,0,0
720849,720849,0,0
720850,720850,0,0
720851,720851,0,0
720852,720852,0,0
720853,720853,0,0
720854,720854,0,0
720855,720855,0,0
720856,720856,0,0
720857,720857,0,0
720858,720858,0,0
720859,720859,0,0
720860,720860,0,0
720861,720861,0,0
720862,720862,0,0
720863,720863,0,0
720864,720864,0,0
720865,720865,0,0
720866,720866,0,0
720867,720867,0,0
720868,720868,0,0
720869,720869,0,0
720870,720870,0,0
720871,720871,0,0
38003563,38003563,0,0
38003564,38003564,0,0
38003572,38003572,0,0
38003573,38003573,0,0
38003574,38003574,0,0
38003575,38003575,0,0
38003576,38003576,0,0
38003577,38003577,0,0
38003578,38003578,0,0
38003579,38003579,0,0
38003580,38003580,0,0
38003581,38003581,0,0
38003582,38003582,0,0
38003583,38003583,0,0
38003584,38003584,0,0
38003585,38003585,0,0
38003586,38003586,0,0
38003587,38003587,0,0
38003588,38003588,0,0
38003589,38003589,0,0
38003590,38003590,0,0
38003591,38003591,0,0
38003592,38003592,0,0
38003593,38003593,0,0
38003594,38003594,0,0
38003595,38003595,0,0
38003596,38003596,0,0
38003597,38003597,0,0
38003598,38003598,0,0
38003599,38003599,0,0
38003600,38003600,0,0
38003601,38003601,0,0
38003602,38003602,0,0
38003603,38003603,0,0
38003604,38003604,0,0
38003605,38003605,0,0
38003606,38003606,0,0
38003607,38003607,0,0
38003608,38003608,0,0
38003609,38003609,0,0
38003610,38003610,0,0
38003611,38003611,0,0
38003612,38003612,0,0
38003613,38003613,0,0
38003614,38003614,0,0
38003615,38003615,0,0
38003616,38003616,0,0
44777519,44777519,0,0
44777520,44777520,0,0
44777521,44777521,0,0
44777522,44777522,0,0
44777523,44777523,0,0
44777524,44777524,0,0
44777525,44777525,0,0
44777526,44777526,0,0
44777527,44777527,0,0
44777528,44777528,0,0
44777529,44777529,0,0
44777530,44777530,0,0
44777531,44777531,0,0
44777532,44777532,0,0
44777533,44777533,0,0
44777534,44777534,0,0
44777535,44777535,0,0
44777536,44777536,0,0
44777537,44777537,0,0
44777538,44777538,0,0
44777539,44777539,0,0
44777540,44777540,0,0
44777541,44777541,0,0
44777542,44777542,0,0
44777543,44777543,0,0
44777544,44777544,0,0
44777545,44777545,0,0
44777546,44777546,0,0
44777547,44777547,0,0
44777549,44777549,0,0
44777550,44777550,0,0
44777551,44777551,0,0
44777552,44777552,0,0
44777553,44777553,0,0
44777554,44777554,0,0
44777555,44777555,0,0
44777556,44777556,0,0
44777557,44777557,0,0
44777558,44777558,0,0
44777559,44777559,0,0
44777560,44777560,0,0
44777561,44777561,0,0
44777562,44777562,0,0
44777563,44777563,0,0
44777564,44777564,0,0
44777565,44777565,0,0
44777566,44777566,0,0
44777567,44777567,0,0
44777568,44777568,0,0
44777569,44777569,0,0
44777570,44777570,0,0
44777571,44777571,0,0
44777572,44777572,0,0
44777573,44777573,0,0
44777574,44777574,0,0
44777575,44777575,0,0
44777576,44777576,0,0
44777577,44777577,0,0
44777578,44777578,0,0
44777579,44777579,0,0
44777580,44777580,0,0
44777581,44777581,0,0
44777582,44777582,0,0
44777583,44777583,0,0
44777584,44777584,0,0
44777585,44777585,0,0
44777586,44777586,0,0
44777587,44777587,0,0
44777588,44777588,0,0
44777589,44777589,0,0
44777590,44777590,0,0
44777591,44777591,0,0
44777592,44777592,0,0
44777593,44777593,0,0
44777594,44777594,0,0
44777595,44777595,0,0
44777596,44777596,0,0
44777597,44777597,0,0
44777598,44777598,0,0
44777599,44777599,0,0
44777600,44777600,0,0
44777601,44777601,0,0
44777602,44777602,0,0
44777603,44777603,0,0
44777604,44777604,0,0
44777605,44777605,0,0
44777606,44777606,0,0
44777607,44777607,0,0
44777608,44777608,0,0
44777609,44777609,0,0
44777610,44777610,0,0
44777611,44777611,0,0
44777612,44777612,0,0
44777613,44777613,0,0
44777614,44777614,0,0
44777615,44777615,0,0
44777616,44777616,0,0
44777617,44777617,0,0
44777618,44777618,0,0
44777619,44777619,0,0
44777620,44777620,0,0
44777621,44777621,0,0
44777622,44777622,0,0
44777623,44777623,0,0
44777624,44777624,0,0
44777625,44777625,0,0
44777626,44777626,0,0
44777627,44777627,0,0
44777628,44777628,0,0
44777629,44777629,0,0
44777630,44777630,0,0
44777631,44777631,0,0
44777632,44777632,0,0
44777633,44777633,0,0
44777634,44777634,0,0
44777635,44777635,0,0
44777636,44777636,0,0
44777637,44777637,0,0
44777638,44777638,0,0
44777639,44777639,0,0
44777640,44777640,0,0
44777641,44777641,0,0
44777642,44777642,0,0
44777643,44777643,0,0
44777644,44777644,0,0
44777645,44777645,0,0
44777646,44777646,0,0
44777647,44777647,0,0
44777648,44777648,0,0
44777649,44777649,0,0
44777650,44777650,0,0
44777651,44777651,0,0
44777652,44777652,0,0
44777653,44777653,0,0
44777654,44777654,0,0
44777655,44777655,0,0
44777656,44777656,0,0
44777657,44777657,0,0
44777658,44777658,0,0
44777659,44777659,0,0
44777660,44777660,0,0
44777661,44777661,0,0
44777662,44777662,0,0
44777663,44777663,0,0
44777664,44777664,0,0
44819154,44819154,0,0
45744809,45744809,0,0
45744810,45744810,0,0
45744811,45744811,0,0
45744812,45744812,0,0
45744813,45744813,0,0
45744814,45744814,0,0
45744815,45744815,0,0
45744816,45744816,0,0
45890995,45890995,0,0
45890996,45890996,0,0
45890997,45890997,0,0
45890998,45890998,0,0
45890999,45890999,0,0
45891000,45891000,0,0
45891001,45891001,0,0
45891002,45891002,0,0
45891003,45891003,0,0
45891004,45891004,0,0
45891005,45891005,0,0
45891006,45891006,0,0
45891007,45891007,0,0
45891008,45891008,0,0
45891009,45891009,0,0
45891010,45891010,0,0
45891011,45891011,0,0
45891012,45891012,0,0
45891013,45891013,0,0
45891014,45891014,0,0
45891015,45891015,0,0
45891016,45891016,0,0
45891017,45891017,0,0
45891018,45891018,0,0
45891019,45891019,0,0
45891021,45891021,0,0
45891022,45891022,0,0
45891023,45891023,0,0
45891024,45891024,0,0
45891025,45891025,0,0
45891026,45891026,0,0
45891027,45891027,0,0
45891028,45891028,0,0
45891029,45891029,0,0
45891030,45891030,0,0
45891031,45891031,0,0
45891032,45891032,0,0
45891033,45891033,0,0
45891034,45891034,0,0
45891035,45891035,0,0
45891036,45891036,0,0
45891037,45891037,0,0
45891038,45891038,0,0
45956701,45956701,0,0
194152,194152,0,0
437738,437738,0,0
444074,444074,0,0
1361364,1361364,0,0
1361364,1361365,1,1
1361364,36036059,2,2
1361364,1361370,1,1
1361364,1361368,0,0
1361365,1361365,0,0
1361365,36036059,1,1
1361365,1361370,0,0
1361368,36036059,2,2
1361368,1361368,0,0
1361368,1361370,1,1
1361370,36036059,1,1
1361370,1361370,0,0
1971546,1971546,0,0
4195342,4195342,0,0
4197973,4197973,0,0
4226696,4226696,0,0
4226696,37110496,1,1
21601386,21601387,1,1
21601386,21603812,1,1
21601386,21603848,1,1
21601386,21601386,0,0
21603215,21603215,0,0
21603812,21603812,0,0
21605007,21603530,1,1
35774678,35774678,0,0
36217213,36217213,0,0
36217213,1361365,2,3
36217213,1361364,2,2
36217213,35604884,2,3
36217213,35604880,2,3
36217213,36036059,3,4
36217213,35604879,2,2
36217213,1361370,2,3
36217213,35604883,2,2
36217213,1361368,2,2
37110496,37110496,0,0
40721254,40721254,0,0
44091285,44091285,0,0
45876109,3043879,1,1
45876109,45876109,0,0
3001467,3001467,0,0
3002069,3002069,0,0
3011539,3011539,0,0
3012056,3012056,0,0
3018910,3018910,0,0
3026074,3026074,0,0
3026972,3026972,0,0
3041300,3041300,0,0
3042479,3042479,0,0
4004858,3046700,1,1
4004858,3026074,1,1
4004858,21492201,1,1
4004858,3041300,1,1
4004858,4004858,0,0
4004858,3046614,1,1
4004858,3012056,1,1
4004858,3011539,1,1
21603365,21603365,0,0
21603890,21603890,0,0
21605007,21603444,1,1
21605007,21605008,1,1
21605007,21603215,1,1
21605007,21603365,1,1
36207527,36207527,0,0
36207527,40764263,1,3
36207527,40765028,1,2
37498042,37498042,0,0
44810792,44810792,0,0
4220699,4197973,2,2
4220699,3042479,2,2
4220699,3002069,2,2
4220699,3018910,2,2
4220699,4195342,2,2
4220699,44810792,2,2
4220699,3001467,2,2
4220699,4220699,0,0
4220699,4154344,1,1
21601387,21601387,0,0
21603848,21603848,0,0
21605007,21605007,0,0
36217206,35604435,2,3
36217206,35604434,2,2
36217206,35604439,2,3
36217206,36217206,0,0
40741270,40741270,0,0
45875977,40764263,1,1
45875977,45875977,0,0
1830184,1830282,1,1
1830184,1830283,1,2
1830184,1830184,0,0
1830278,1830278,0,0
1830278,1830283,2,3
1830278,1830280,1,1
1830278,1830282,2,2
1830278,1830184,1,1
1830278,1830279,0,0
1830278,1830281,2,2
1830279,1830282,2,2
1830279,1830283,2,3
1830279,1830184,1,1
1830279,1830279,0,0
1830280,1830280,0,0
1830280,1830283,1,2
1830280,1830282,1,1
1830280,1830184,0,0
1830280,1830281,1,1
1830281,1830283,1,1
1830281,1830282,0,0
1830281,1830281,0,0
1830282,1830282,0,0
1830282,1830283,1,1
1830283,1830283,0,0
4304866,4226696,1,1
4304866,37110496,2,2
4304866,4304866,0,0
21601213,21601213,0,0
21601213,35774678,2,2
21601213,42899580,1,1
21601386,21603890,1,1
21603248,21603248,0,0
21603530,21603530,0,0
21605007,21603248,1,1
21605008,21605008,0,0
35604434,35604434,0,0
35604434,35604435,1,1
35604434,35604439,1,1
35604435,35604435,0,0
35604439,35604439,0,0
35604879,35604880,1,1
35604879,35604884,1,1
35604879,35604879,0,0
35604879,35604883,0,0
35604880,35604880,0,0
35604880,35604884,0,0
35604883,35604884,1,1
35604883,35604883,0,0
35604884,35604884,0,0
36034746,36034746,0,0
36034747,36034747,0,0
36034747,36034746,0,0
36034751,36034751,0,0
36036059,36036059,0,0
36210656,36210656,0,0
36210656,3045657,1,2
36210656,3043879,1,3
37593197,37593197,0,0
40764263,40764263,0,0
40765028,40764263,1,1
40765028,40765028,0,0
42899580,44091285,1,1
42899580,40741270,1,1
42899580,40721254,1,1
42899580,35774678,1,1
42899580,42899580,0,0
42899580,44081436,1,1
3043879,3043879,0,0
3045657,3045657,0,0
3045657,3043879,1,1
3046614,3046614,0,0
3046700,3046700,0,0
4012925,4012925,0,0
4044177,4044177,0,0
4092121,4092121,0,0
4150381,3026074,2,2
4150381,21492201,2,2
4150381,3046700,2,2
4150381,3041300,2,2
4150381,4004858,1,1
4150381,3012056,2,2
4150381,3046614,2,2
4150381,4150381,0,0
4150381,3011539,2,2
4151660,4151660,0,0
4154344,3042479,1,1
4154344,4197973,1,1
4154344,4195342,1,1
4154344,3018910,1,1
4154344,3002069,1,1
4154344,44810792,1,1
4154344,3001467,1,1
4154344,4154344,0,0
21492201,21492201,0,0
21603444,21603444,0,0
37065199,37065199,0,0
37065199,3026972,1,1
44081436,44081436,0,0
45881662,45881662,0,0
45882429,45882429,0,0
45882430,45882430,0,0
45882431,45882431,0,0
45882432,45882432,0,0
45882531,45882531,0,0
45883166,45883166,0,0
45884448,45884448,0,0
45885250,45885250,0,0
